﻿<?xml version="1.0" encoding="utf-8" ?>
<stereotypes>
  <stereotype name="appliedProfile" appliesTo="dependency" description="" />
  <stereotype name="appliedProfile" appliesTo="package" description="" />
  <stereotype name="auxiliary" appliesTo="class" description="" />
  <stereotype name="boundary" appliesTo="class" description="" />
  <stereotype name="control" appliesTo="class" description="" />
  <stereotype name="call" appliesTo="dependency" description="" />
  <stereotype name="create" appliesTo="dependency" description="" />
  <stereotype name="create" appliesTo="Message" description="" />
  <stereotype name="create" appliesTo="operation" description="" />
  <stereotype name="delegate" appliesTo="class" description="" />
  <stereotype name="derive" appliesTo="dependency" description="" />
  <stereotype name="destroy" appliesTo="operation" description="" />
  <stereotype name="document" appliesTo="Artifact" description="" />
  <stereotype name="entity" appliesTo="component" description="" />
  <stereotype name="enum" appliesTo="class" description="" />
  <stereotype name="executable" appliesTo="Artifact" description="" />
  <stereotype name="facade" appliesTo="package" description="" />
  <stereotype name="file" appliesTo="Artifact" description="" />
  <stereotype name="focus" appliesTo="class" description="" />
  <stereotype name="framework" appliesTo="package" description="" />
  <stereotype name="implement" appliesTo="component" description="" />
  <stereotype name="implementationClass" appliesTo="class" description="" />
  <stereotype name="implicit" appliesTo="relationship" description="" />
  <stereotype name="instantiate" appliesTo="dependency" description="" />
  <stereotype name="interface" appliesTo="class" description="" />
  <stereotype name="library" appliesTo="Artifact" description="" />
  <stereotype name="metaclass" appliesTo="class" description="" />
  <stereotype name="metamodel" appliesTo="package" description="" />
  <stereotype name="modelLibrary" appliesTo="package" description="" />
  <stereotype name="powertype" appliesTo="class" description="" />
  <stereotype name="process" appliesTo="component" description="" />
  <stereotype name="profile" appliesTo="package" description="" />
  <stereotype name="realization" appliesTo="class" description="" />
  <stereotype name="realization" appliesTo="interface" description="" />
  <stereotype name="realization" appliesTo="component" description="" />
  <stereotype name="refine" appliesTo="dependency" description="" />
  <stereotype name="responsibility" appliesTo="dependency" description="" />
  <stereotype name="script" appliesTo="Artifact" description="" />
  <stereotype name="send" appliesTo="dependency" description="" />
  <stereotype name="service" appliesTo="component" description="" />
  <stereotype name="source" appliesTo="Artifact" description="" />  
  <stereotype name="specification" appliesTo="class" description="" />
  <stereotype name="specification" appliesTo="interface" description="" />
  <stereotype name="specification" appliesTo="component" description="" />
  <stereotype name="struct" appliesTo="class" description="" />
  <stereotype name="stub" appliesTo="package" description="" />  
  <stereotype name="subsystem" appliesTo="component" description="" />
  <stereotype name="systemModel" appliesTo="package" description="" />
  <stereotype name="thread" appliesTo="class" description="" />
  <stereotype name="topLevel" appliesTo="package" description="" />
  <stereotype name="trace" appliesTo="dependency" description="" />
  <stereotype name="type" appliesTo="class" description="" />
  <stereotype name="utility" appliesTo="class" description="" />
  <stereotype name="precondition" appliesTo="constraint" description="" />
  <stereotype name="postcondition" appliesTo="constraint" description="" />
  <stereotype name="invariant" appliesTo="constraint" description="" />
</stereotypes>
