﻿<?xml version="1.0" encoding="utf-8" ?>
<types name="C++" description="" version="1.0" prefix="Cpp">
  <type name="bool" description="" type="boolean">
  </type>  
  <type name="char" description="" type="char">
  </type>
  <type name="short int" description="" type="s-integer16">
  </type>
  <type name="unsigned short int" description="" type="u-integer16">
  </type>
  <type name="int" description="" type="s-integer32">
  </type>
  <type name="unsigned int" description="" type="u-integer32">
  </type>
  <type name="long int" description="" type="s-integer64">
  </type>
  <type name="unsigned long int" description="" type="u-integer64">
  </type>
  <type name="float" description="" type="s-real32">
  </type>
  <type name="double" description="" type="s-real64">
  </type>
  <type name="string" description="" type="string">
  </type>
</types>
