﻿<?xml version="1.0" encoding="utf-8" ?>
<types name="Java" description="" version="1.0" prefix="Java">
  <type name="boolean" description="" type="boolean">
  </type>
  <type name="byte" description="" type="u-integer8">
  </type>  
  <type name="char" description="" type="char">
  </type>
  <type name="short" description="" type="s-integer16">
  </type>  
  <type name="int" description="" type="s-integer32">
  </type>  
  <type name="long" description="" type="s-integer64">
  </type>  
  <type name="float" description="" type="s-real32">
  </type>
  <type name="double" description="" type="s-real64">
  </type>  
  <type name="Date" description="" type="datetime">
  </type>
  <type name="object" description="" type="object">
  </type>
  <type name="String" description="" type="string">
  </type>
</types>